date,close
2026-02-02,38385.41
2026-02-03,38510.84
2026-02-04,38611.68
2026-02-05,38807.29
2026-02-06,38806.23
2026-02-09,38596.23
2026-02-10,38680.93
2026-02-11,38724.24
2026-02-12,38597.86
2026-02-13,38760.88
2026-02-16,38861.61
2026-02-17,39121.61
2026-02-18,39230.18
2026-02-19,39430.88
2026-02-20,39542.07
2026-02-23,39460.61
2026-02-24,39670.05
2026-02-25,39490.05
2026-02-26,39472.86
2026-02-27,39414.01
2026-03-02,39334.93
2026-03-03,39524.73
2026-03-04,39648.81
2026-03-05,39849.9
2026-03-06,39818.8
