student_id,section,study_hours,attendance_rate,midterm,final,project_score,homework_avg
S001,A,5.05,0.909,77.0,87.3,70.1,58.8
S002,A,7.38,0.864,72.0,85.4,77.1,60.7
S003,A,7.66,0.95,89.9,88.1,89.9,71.6
S004,A,6.19,0.809,67.9,81.6,73.2,71.7
S005,A,6.03,0.904,84.0,95.1,76.1,69.6
S006,A,5.35,0.842,72.2,84.8,69.7,68.2
S007,A,8.72,0.82,87.5,86.9,86.7,59.5
S008,A,6.53,0.788,74.6,75.0,80.4,67.5
S009,A,7.94,0.966,87.8,85.3,86.1,79.0
S010,A,5.02,0.918,67.1,73.6,62.0,78.4
S011,A,5.7,0.927,80.5,77.9,68.0,68.3
S012,A,8.09,0.893,95.5,98.5,80.5,76.6
S013,A,5.93,0.94,75.9,85.8,71.0,77.3
S014,A,5.86,0.787,74.1,77.9,75.7,60.3
S015,A,8.9,0.806,89.5,95.5,75.3,69.9
S016,A,7.59,0.895,90.9,99.3,85.0,60.5
S017,A,6.37,0.802,76.4,76.1,70.7,60.7
S018,A,6.28,0.884,83.6,94.4,75.7,73.6
S019,A,7.1,0.777,88.0,91.2,76.3,68.0
S020,A,6.97,0.922,74.9,80.1,70.4,71.2
S021,A,7.61,0.894,85.2,83.8,77.8,76.9
S022,A,5.84,0.819,69.9,84.8,68.7,67.7
S023,A,7.1,0.84,86.0,91.4,79.3,69.5
S024,A,4.52,0.914,71.0,81.0,66.9,76.8
S025,A,6.65,0.883,71.7,84.1,65.8,72.9
S026,A,8.54,0.875,96.6,98.5,86.5,72.5
S027,A,9.34,0.847,91.7,96.3,79.9,73.1
S028,A,6.41,0.749,67.9,80.0,66.4,60.5
S029,A,7.69,0.828,87.6,93.1,82.9,63.2
S030,A,8.63,0.925,93.9,91.9,82.4,72.9
S031,A,8.72,0.806,84.3,97.4,83.0,75.4
S032,A,6.55,0.88,72.3,75.2,77.9,63.0
S033,B,4.07,0.779,65.2,68.7,69.9,60.3
S034,B,5.19,0.813,64.9,65.1,68.1,59.4
S035,B,5.41,0.828,74.5,68.9,77.2,67.3
S036,B,4.43,0.891,65.7,69.8,69.1,65.1
S037,B,9.1,0.862,90.4,89.1,84.6,68.1
S038,B,3.71,0.893,61.8,64.3,68.3,63.1
S039,B,5.25,0.839,73.5,83.1,62.2,73.1
S040,B,3.88,0.808,74.6,64.9,61.0,50.5
S041,B,8.16,0.902,79.8,84.6,80.9,76.6
S042,B,4.43,0.896,67.3,74.2,68.9,61.5
S043,B,6.25,0.825,79.7,77.9,72.5,60.7
S044,B,5.82,0.904,75.3,75.1,71.4,68.6
S045,B,7.84,0.787,72.8,77.4,70.6,61.4
S046,B,7.1,0.851,82.2,84.4,76.7,67.5
S047,B,7.0,0.818,81.4,93.9,67.7,69.6
S048,B,4.21,0.785,63.7,71.5,66.5,61.3
S049,B,8.24,0.74,82.2,78.3,79.6,63.8
S050,B,4.87,0.913,71.9,70.7,67.4,70.3
S051,B,5.21,0.82,63.6,75.3,62.5,61.2
S052,B,6.52,0.876,74.2,85.9,77.3,77.4
S053,B,7.23,0.83,80.6,78.3,80.7,69.1
S054,B,5.27,0.867,76.7,88.5,68.0,64.7
S055,B,7.78,0.862,86.4,80.2,74.1,70.2
S056,B,6.2,0.848,81.1,82.3,69.4,71.9
S057,B,5.34,0.968,55.8,77.5,72.4,64.4
S058,B,7.65,0.789,71.6,72.7,73.8,66.4
S059,B,6.66,0.931,78.3,80.8,69.8,67.7
S060,B,5.2,0.823,67.1,63.7,70.9,71.6
S061,B,6.06,0.829,75.3,79.4,69.3,59.4
S062,B,4.73,0.841,71.4,72.6,61.0,69.8
S063,B,5.94,0.869,58.2,64.6,54.8,73.4
S064,B,6.09,0.837,69.0,65.5,62.4,65.9
S065,C,5.75,0.721,53.2,58.6,75.5,63.3
S066,C,6.77,0.823,86.0,93.6,75.2,67.5
S067,C,6.98,0.915,77.9,79.6,78.5,70.1
S068,C,3.01,0.809,53.3,57.8,56.5,60.7
S069,C,5.56,0.864,75.5,70.8,68.4,72.7
S070,C,3.88,0.833,44.4,65.0,57.5,61.9
S071,C,5.11,0.692,76.1,80.2,69.1,63.7
S072,C,5.29,0.752,69.1,79.1,71.3,64.8
S073,C,6.01,0.776,67.3,71.0,70.3,57.2
S074,C,6.52,0.864,91.8,100.0,89.3,69.8
S075,C,4.72,0.771,77.6,73.3,60.7,57.6
S076,C,4.96,0.788,81.6,77.7,67.3,59.6
S077,C,6.47,0.666,76.2,73.9,74.1,56.0
S078,C,5.52,0.918,77.4,78.9,73.6,67.3
S079,C,2.72,0.829,61.9,75.0,69.7,50.4
S080,C,5.91,0.763,74.9,83.4,70.8,66.8
S081,C,5.02,0.734,72.7,78.2,64.8,67.4
S082,C,5.16,0.749,53.7,61.9,63.4,55.3
S083,C,3.59,0.877,57.1,63.3,71.7,67.7
S084,C,4.23,0.837,67.7,69.3,62.5,71.3
S085,C,4.4,0.874,58.6,65.5,57.7,63.5
S086,C,4.84,0.757,59.2,62.9,70.7,58.3
S087,C,5.78,0.68,67.8,78.8,67.5,58.4
S088,C,4.0,0.765,46.0,48.5,61.0,50.7
S089,C,4.91,0.821,63.1,64.1,62.3,60.4
S090,C,4.43,0.791,60.5,61.3,63.8,67.0
S091,C,3.08,0.787,59.2,62.9,55.3,59.7
S092,C,4.32,0.809,62.8,56.7,64.4,58.7
S093,C,4.2,0.876,68.5,63.6,70.2,68.2
S094,C,7.84,0.805,64.6,85.6,82.2,73.0
S095,C,5.8,0.839,73.9,76.9,65.0,64.1
S096,C,5.61,0.769,63.5,61.8,64.1,64.7
